experiment,approach,model,n_train,n_test,mae,rmse,mape
RANDOM 70/30 - ALL,RPM -> Rate,HistGB | absolute_error,33600,14400,74.71739971503894,510.34906277503075,3.7560862294964767
RANDOM 70/30 - ALL,RPM -> Rate,HistGB | squared_error,33600,14400,106.76638316175709,516.5022960793646,5.1161166294095946
RANDOM 70/30 - ALL,RPM -> Rate,RandomForest,33600,14400,105.20689495768458,519.1783754626105,5.128852122090259
RANDOM 70/30 - ALL,RPM -> Rate,ExtraTrees,33600,14400,104.29576070726108,519.2055354935113,5.082929580698466
RANDOM 70/30 - ALL,Direct Rate,HistGB | absolute_error,33600,14400,79.72922849081647,511.0039942606419,4.063606700624975
RANDOM 70/30 - ALL,Direct Rate,HistGB | squared_error,33600,14400,139.92908487860225,523.4169556738723,9.401785249919334
RANDOM 70/30 - ALL,Direct Rate,RandomForest,33600,14400,113.92262672252939,521.3771510513127,5.516059678008619
RANDOM 70/30 - ALL,Direct Rate,ExtraTrees,33600,14400,114.49575530229698,520.9571452117062,5.601230153832838
RANDOM 70/30 - SEP/OCT,RPM -> Rate,HistGB | absolute_error,33600,2856,89.24219973667758,635.2412503217446,4.429985910738473
RANDOM 70/30 - SEP/OCT,RPM -> Rate,HistGB | squared_error,33600,2856,116.13496444192566,636.7242353222435,5.5893655133153235
RANDOM 70/30 - SEP/OCT,RPM -> Rate,RandomForest,33600,2856,119.84113014869627,643.5333982000568,5.9061715650375355
RANDOM 70/30 - SEP/OCT,RPM -> Rate,ExtraTrees,33600,2856,118.35592647471717,641.7932197386003,5.878932116496456
RANDOM 70/30 - SEP/OCT,Direct Rate,HistGB | absolute_error,33600,2856,94.23981087022648,636.7342807765345,4.801192043950196
RANDOM 70/30 - SEP/OCT,Direct Rate,HistGB | squared_error,33600,2856,148.19401881815554,641.9500062628058,10.051075893726116
RANDOM 70/30 - SEP/OCT,Direct Rate,RandomForest,33600,2856,126.50386528617855,638.6186766456641,6.179785075910182
RANDOM 70/30 - SEP/OCT,Direct Rate,ExtraTrees,33600,2856,130.16806803116555,640.3758321108365,6.522967558958989
JAN-AUG -> SEP-OCT,RPM -> Rate,HistGB | absolute_error,38477,9523,122.3122122363369,637.8017161941411,5.337199519616882
JAN-AUG -> SEP-OCT,RPM -> Rate,HistGB | squared_error,38477,9523,116.9017217021801,634.6075485548376,5.046136001212027
JAN-AUG -> SEP-OCT,RPM -> Rate,RandomForest,38477,9523,132.9347986079935,639.3170875200632,5.990779375446132
JAN-AUG -> SEP-OCT,RPM -> Rate,ExtraTrees,38477,9523,132.4935734864812,636.4441142062436,5.758268561121286
JAN-AUG -> SEP-OCT,Direct Rate,HistGB | absolute_error,38477,9523,120.59830049782975,637.2598015284734,5.2461350257858985
JAN-AUG -> SEP-OCT,Direct Rate,HistGB | squared_error,38477,9523,145.69284152597143,639.9673263754382,8.839807486397286
JAN-AUG -> SEP-OCT,Direct Rate,RandomForest,38477,9523,133.41881926732393,636.6117248515112,5.899118364385862
JAN-AUG -> SEP-OCT,Direct Rate,ExtraTrees,38477,9523,137.68000238253072,638.4985484450141,6.027180251102285
JAN-FEB -> MAR-APR,RPM -> Rate,HistGB | absolute_error,9255,9855,216.658727299882,620.1579216665987,10.70961631029984
JAN-FEB -> MAR-APR,RPM -> Rate,HistGB | squared_error,9255,9855,268.1382232189781,671.7707613964596,11.973362061455122
JAN-FEB -> MAR-APR,RPM -> Rate,RandomForest,9255,9855,267.7581140861778,703.5840315624722,11.388005394622992
JAN-FEB -> MAR-APR,RPM -> Rate,ExtraTrees,9255,9855,171.33558621004784,568.3686063717686,8.649896807978335
JAN-FEB -> MAR-APR,Direct Rate,HistGB | absolute_error,9255,9855,159.52374549173783,559.2639639840543,8.056085630445804
JAN-FEB -> MAR-APR,Direct Rate,HistGB | squared_error,9255,9855,277.60050648486657,671.0416396647144,14.283927440489826
JAN-FEB -> MAR-APR,Direct Rate,RandomForest,9255,9855,268.37034359744433,703.8950148753241,10.75214067861867
JAN-FEB -> MAR-APR,Direct Rate,ExtraTrees,9255,9855,136.2518266353036,546.7934678094016,7.227854463562583
JAN-APR -> MAY-JUN,RPM -> Rate,HistGB | absolute_error,19110,9696,187.03925206677303,662.1810960225988,7.949314163068806
JAN-APR -> MAY-JUN,RPM -> Rate,HistGB | squared_error,19110,9696,143.53754744766533,643.4614141866421,6.281840702897104
JAN-APR -> MAY-JUN,RPM -> Rate,RandomForest,19110,9696,177.3844564686345,656.5041373681544,8.999363364101367
JAN-APR -> MAY-JUN,RPM -> Rate,ExtraTrees,19110,9696,132.80777538289777,640.9008865403532,5.6965715704485245
JAN-APR -> MAY-JUN,Direct Rate,HistGB | absolute_error,19110,9696,138.115007042517,641.4446961327649,5.883853515439698
JAN-APR -> MAY-JUN,Direct Rate,HistGB | squared_error,19110,9696,155.4556308786113,648.6169929378624,8.170030165663192
JAN-APR -> MAY-JUN,Direct Rate,RandomForest,19110,9696,148.92154884685382,649.0566856379029,6.483619254995167
JAN-APR -> MAY-JUN,Direct Rate,ExtraTrees,19110,9696,141.48031687231895,644.3211074224206,6.122977942249499
JAN-JUN -> JUL-AUG,RPM -> Rate,HistGB | absolute_error,28806,9671,173.04681265738338,638.4428462601718,7.450270057394266
JAN-JUN -> JUL-AUG,RPM -> Rate,HistGB | squared_error,28806,9671,173.63404391090725,642.9878783835799,7.415983870619927
JAN-JUN -> JUL-AUG,RPM -> Rate,RandomForest,28806,9671,210.08034362747958,666.7510453519428,8.842190401059614
JAN-JUN -> JUL-AUG,RPM -> Rate,ExtraTrees,28806,9671,185.4334328447701,646.1164051601488,7.5251633961577635
JAN-JUN -> JUL-AUG,Direct Rate,HistGB | absolute_error,28806,9671,172.01896119560348,636.8078479328605,7.678942226991747
JAN-JUN -> JUL-AUG,Direct Rate,HistGB | squared_error,28806,9671,167.27949288730412,635.6693768940141,10.080237840590328
JAN-JUN -> JUL-AUG,Direct Rate,RandomForest,28806,9671,172.58957489044093,650.9273807263675,7.193404781441087
JAN-JUN -> JUL-AUG,Direct Rate,ExtraTrees,28806,9671,170.23513026197838,644.1557885076114,7.104275738066715
JAN-AUG -> SEP-OCT,RPM -> Rate,HistGB | absolute_error,38477,9523,122.3122122363369,637.8017161941411,5.337199519616882
JAN-AUG -> SEP-OCT,RPM -> Rate,HistGB | squared_error,38477,9523,116.9017217021801,634.6075485548376,5.046136001212027
JAN-AUG -> SEP-OCT,RPM -> Rate,RandomForest,38477,9523,132.9347986079935,639.3170875200632,5.990779375446132
JAN-AUG -> SEP-OCT,RPM -> Rate,ExtraTrees,38477,9523,132.4935734864812,636.4441142062436,5.758268561121286
JAN-AUG -> SEP-OCT,Direct Rate,HistGB | absolute_error,38477,9523,120.59830049782975,637.2598015284734,5.2461350257858985
JAN-AUG -> SEP-OCT,Direct Rate,HistGB | squared_error,38477,9523,145.69284152597143,639.9673263754382,8.839807486397286
JAN-AUG -> SEP-OCT,Direct Rate,RandomForest,38477,9523,133.41881926732393,636.6117248515112,5.899118364385862
JAN-AUG -> SEP-OCT,Direct Rate,ExtraTrees,38477,9523,137.68000238253072,638.4985484450141,6.027180251102286
