experiment,model,feature_set,n_train,n_test,mae_all,mae_clean,rmse_all,rmse_clean,mape_all,mape_clean
exp1_stratified_all,HistGB | absolute_error,all features (incl. month),33600,14400,75.096701424201,31.21918092963682,510.38694859322794,47.72874552517344,3.776651955377804,1.379043965637148
exp1_stratified_sepoct,HistGB | absolute_error,all features (incl. month),33600,2856,89.02446286220922,30.54174813091327,635.0521188246155,46.014468107670986,4.4138892087256645,1.289757322508986
exp1_stratified_all,HistGB | squared_error,all features (incl. month),33600,14400,73.02275010426962,29.07008126182932,510.3646199489705,43.50614337027172,3.684206920131896,1.2809094600938495
exp1_stratified_sepoct,HistGB | squared_error,all features (incl. month),33600,2856,87.46052940493746,28.907220909049183,635.4061532710327,41.88342840345335,4.385400249195044,1.2574564986266563
exp1_stratified_all,RandomForest,all features (incl. month),33600,14400,74.30669820840441,30.44500996402339,510.44887685826575,50.024632312470956,3.6784204095746906,1.2844191692395681
exp1_stratified_sepoct,RandomForest,all features (incl. month),33600,2856,87.92398778931165,29.454225009385382,635.3265920245769,46.85281472687268,4.344599770533591,1.228261775752247
exp1_stratified_all,ExtraTrees,all features (incl. month),33600,14400,74.3732465270881,30.480713515591674,510.41641331289964,47.88618296489738,3.696856133270912,1.298468762635491
exp1_stratified_sepoct,ExtraTrees,all features (incl. month),33600,2856,91.38272295844315,32.9264661455031,635.7163073536051,51.136115566996686,4.482671034306483,1.3618561252677206
exp2_time_sepoct_all,HistGB | absolute_error,all features (incl. month),38477,9523,123.23770389883731,67.52809522459404,638.0324984005283,95.24897905333121,5.410311423229182,2.9371386044988372
exp2_time_same_rows,HistGB | absolute_error,all features (incl. month),38477,2856,126.73233332697859,68.84993222409281,643.0496709005354,96.79189905648231,6.0135505522347,2.9609018289081486
exp2_time_sepoct_all,HistGB | squared_error,all features (incl. month),38477,9523,122.16033217191861,66.47168087674241,637.7232938283466,93.98945856606518,5.292665163666585,2.825561654829538
exp2_time_same_rows,HistGB | squared_error,all features (incl. month),38477,2856,125.81746054842324,67.92440368544099,643.5337159865426,96.22828385660564,5.883987524969659,2.8415983036166095
exp2_time_sepoct_all,RandomForest,all features (incl. month),38477,9523,118.52873273213464,62.78206233279516,636.5286173641624,90.57292723344737,5.075987847605548,2.593577010807532
exp2_time_same_rows,RandomForest,all features (incl. month),38477,2856,122.218738948835,64.31283212038413,642.2365928893513,92.85125387151429,5.674661189833487,2.6183776131626026
exp2_time_sepoct_all,ExtraTrees,all features (incl. month),38477,9523,119.88178008054392,64.11149724810005,637.1970826765844,91.90076112230228,5.16877582483643,2.6841294987107904
exp2_time_same_rows,ExtraTrees,all features (incl. month),38477,2856,123.49455041920817,65.53308794798312,642.8805045772712,94.29108146739958,5.775548179976138,2.7088010408270824
"exp3_fold1_[1, 2]->[3, 4]",HistGB | absolute_error,all features (incl. month),9255,9855,216.28967043237338,175.26114124572024,619.8133769855345,327.53728186765875,10.68759385009477,8.482219206589006
"exp3_fold1_[1, 2]->[3, 4]",HistGB | squared_error,all features (incl. month),9255,9855,211.90116802191707,170.81549449046415,614.4712788640785,317.0254869787308,10.509015819862125,8.29958822745646
"exp3_fold1_[1, 2]->[3, 4]",RandomForest,all features (incl. month),9255,9855,224.45486836209042,183.5425239247813,628.354829448849,343.7239095781442,11.03418298883994,8.838828949874552
"exp3_fold1_[1, 2]->[3, 4]",ExtraTrees,all features (incl. month),9255,9855,189.125935400268,147.77994216004302,583.8206213867252,252.22605526817148,9.542864974129712,7.3015116342619075
"exp3_fold2_[3, 4]->[6, 7]",HistGB | absolute_error,all features (incl. month),9855,9695,121.00307168115171,63.16784552219474,667.4950501575254,101.11176781676001,4.538533149297982,2.5116018121088426
"exp3_fold2_[3, 4]->[6, 7]",HistGB | squared_error,all features (incl. month),9855,9695,123.20420500277832,65.31468892831921,668.7985792887494,102.87042523255971,4.673146866761872,2.646588754958321
"exp3_fold2_[3, 4]->[6, 7]",RandomForest,all features (incl. month),9855,9695,102.98196340865408,44.8119665964769,665.9927115596125,79.54083450822748,3.7619680806263953,1.712260636015027
"exp3_fold2_[3, 4]->[6, 7]",ExtraTrees,all features (incl. month),9855,9695,120.66998026285324,62.660150455470784,669.2152238061077,99.27251509422807,4.6296461048706075,2.600132490215667
"exp3_fold3_[6, 7]->[9, 10]",HistGB | absolute_error,all features (incl. month),9695,9523,114.79054938864404,59.06258195182112,633.9231390691415,90.8587070401226,4.984907498207967,2.4897176934168157
"exp3_fold3_[6, 7]->[9, 10]",HistGB | squared_error,all features (incl. month),9695,9523,119.02665480462136,63.42430154609776,635.2086243309578,99.61961042145148,5.22667574891439,2.744803103448039
"exp3_fold3_[6, 7]->[9, 10]",RandomForest,all features (incl. month),9695,9523,114.42678391173772,58.65942194840098,636.9449756964042,109.16792795487656,4.889515468327182,2.3833979732525674
"exp3_fold3_[6, 7]->[9, 10]",ExtraTrees,all features (incl. month),9695,9523,129.03494835272826,73.57424000558036,636.6868275323201,112.82494293189716,5.694769641015916,3.213053193379614
exp4_stratified_sepoct,HistGB | absolute_error,all features (incl. month),33600,2856,89.02446286220922,30.54174813091327,635.0521188246155,46.014468107670986,4.4138892087256645,1.289757322508986
exp4_time_same_rows,HistGB | absolute_error,all features (incl. month),38477,2856,126.73233332697859,68.84993222409281,643.0496709005354,96.79189905648231,6.0135505522347,2.9609018289081486
exp4_stratified_sepoct,HistGB | absolute_error,without market_index & quote_signal,33600,2856,113.3066500886924,55.19669809315951,637.39866959497,75.33073645950239,5.729175525540123,2.6004238172276066
exp4_time_same_rows,HistGB | absolute_error,without market_index & quote_signal,38477,2856,122.12623754448191,64.17236674693173,641.128076180584,89.32316290801255,5.952629518777354,2.8773362350963243
exp4_stratified_sepoct,HistGB | absolute_error,without month (diagnostic only),33600,2856,98.37047645994019,40.106886398984464,637.8883478396949,65.6444899159092,4.698499892555195,1.6086003374991407
exp4_time_same_rows,HistGB | absolute_error,without month (diagnostic only),38477,2856,126.78929491519793,68.98863285214212,644.498981634422,101.06049462807569,5.689959766266883,2.6565409751459037
