experiment,optimization,model,n_train,n_test,mae,rmse,mape
RANDOM 70/30 - ALL,mae,HistGB | absolute_error,33600,14400,72.89765787395206,509.72319795886483,3.6822249769632402
RANDOM 70/30 - ALL,mae,HistGB | squared_error,33600,14400,106.01711707571165,516.6605216938465,5.0238088104210945
RANDOM 70/30 - ALL,mae,GradientBoosting | squared_error,33600,14400,100.39059555041497,514.2480360019555,4.8215908122711975
RANDOM 70/30 - ALL,mae,GradientBoosting | huber,33600,14400,79.96688691848568,510.33645982905017,3.952187573958284
RANDOM 70/30 - ALL,mae,RandomForest,33600,14400,105.0597761789805,519.3822363387001,5.099738067201219
RANDOM 70/30 - ALL,mae,ExtraTrees,33600,14400,100.17640132552835,517.3963214093061,4.856797454825049
RANDOM 70/30 - ALL,mae,Ridge,33600,14400,122.44382134597053,516.7011811954428,6.467808974163773
RANDOM 70/30 - ALL,mae,LinearRegression,33600,14400,122.44382265834759,516.7011825024254,6.467808988615888
JAN-AUG -> SEP-OCT,mae,HistGB | absolute_error,38477,9523,111.57893492304248,635.9315467888003,4.659401560286042
JAN-AUG -> SEP-OCT,mae,HistGB | squared_error,38477,9523,112.39325952906823,633.1593539370863,4.8399513054489685
JAN-AUG -> SEP-OCT,mae,GradientBoosting | squared_error,38477,9523,112.38633274553924,634.8525161869238,4.989772869244571
JAN-AUG -> SEP-OCT,mae,GradientBoosting | huber,38477,9523,112.55344688423212,635.3926557984264,4.921563284274876
JAN-AUG -> SEP-OCT,mae,RandomForest,38477,9523,125.75785870662803,637.7630300033552,5.633946781826555
JAN-AUG -> SEP-OCT,mae,ExtraTrees,38477,9523,118.65881518505232,634.6725998308717,5.088866215867108
JAN-AUG -> SEP-OCT,mae,Ridge,38477,9523,127.99815604103213,634.3587081716803,6.4896314603983845
JAN-AUG -> SEP-OCT,mae,LinearRegression,38477,9523,127.99814451397698,634.3587182516434,6.489631191428459
JAN-FEB -> MAR-APR,mae,HistGB | absolute_error,9255,9855,215.8529453132603,619.4129037760406,10.678126702862329
JAN-FEB -> MAR-APR,mae,HistGB | squared_error,9255,9855,267.088080387798,678.32659986176,11.600437058639663
JAN-FEB -> MAR-APR,mae,GradientBoosting | squared_error,9255,9855,263.53211476071385,704.45552358181,11.498534917064202
JAN-FEB -> MAR-APR,mae,GradientBoosting | huber,9255,9855,215.5076622333888,618.1644426058394,10.605958773147304
JAN-FEB -> MAR-APR,mae,RandomForest,9255,9855,278.606958552,714.1279148587329,11.984959119575947
JAN-FEB -> MAR-APR,mae,ExtraTrees,9255,9855,172.3679811136163,569.0584919403469,8.572204893872424
JAN-FEB -> MAR-APR,mae,Ridge,9255,9855,212.21180976300863,610.7963689045596,10.71344887825791
JAN-FEB -> MAR-APR,mae,LinearRegression,9255,9855,212.21398632961575,610.7987090517535,10.7135420925034
JAN-APR -> MAY-JUN,mae,HistGB | absolute_error,19110,9696,188.73980861412542,663.0424214389715,8.087430116885077
JAN-APR -> MAY-JUN,mae,HistGB | squared_error,19110,9696,145.7019427078143,644.5857356909321,6.176656074386514
JAN-APR -> MAY-JUN,mae,GradientBoosting | squared_error,19110,9696,146.21335371764604,655.384308923702,6.345725244035802
JAN-APR -> MAY-JUN,mae,GradientBoosting | huber,19110,9696,143.66295224745394,641.3354504300453,6.227596107090702
JAN-APR -> MAY-JUN,mae,RandomForest,19110,9696,176.36795484017404,656.0752023856728,8.942943085520778
JAN-APR -> MAY-JUN,mae,ExtraTrees,19110,9696,123.68056114604055,637.0570087349946,5.319455002886761
JAN-APR -> MAY-JUN,mae,Ridge,19110,9696,126.47846956019926,634.2412074885486,6.280889777820069
JAN-APR -> MAY-JUN,mae,LinearRegression,19110,9696,126.47850276611304,634.2412273802528,6.280890934345306
JAN-JUN -> JUL-AUG,mae,HistGB | absolute_error,28806,9671,170.44213526717178,639.6807752663585,7.117283166590632
JAN-JUN -> JUL-AUG,mae,HistGB | squared_error,28806,9671,163.14079745320828,638.4002512754354,6.986204028761778
JAN-JUN -> JUL-AUG,mae,GradientBoosting | squared_error,28806,9671,144.21610651678154,630.0749951524966,6.294624806440506
JAN-JUN -> JUL-AUG,mae,GradientBoosting | huber,28806,9671,141.03788842379583,628.8529179161296,6.243219813039831
JAN-JUN -> JUL-AUG,mae,RandomForest,28806,9671,210.64321021704464,667.3990989081888,8.82691003779681
JAN-JUN -> JUL-AUG,mae,ExtraTrees,28806,9671,176.23342900383224,642.9787267793184,7.034228666397505
JAN-JUN -> JUL-AUG,mae,Ridge,28806,9671,177.92436113525417,629.6459762549205,7.962519359128213
JAN-JUN -> JUL-AUG,mae,LinearRegression,28806,9671,177.92408608545543,629.6459081108416,7.962510084679733
JAN-AUG -> SEP-OCT,mae,HistGB | absolute_error,38477,9523,111.57893492304248,635.9315467888003,4.659401560286042
JAN-AUG -> SEP-OCT,mae,HistGB | squared_error,38477,9523,112.39325952906823,633.1593539370863,4.8399513054489685
JAN-AUG -> SEP-OCT,mae,GradientBoosting | squared_error,38477,9523,112.38633274553924,634.8525161869238,4.989772869244571
JAN-AUG -> SEP-OCT,mae,GradientBoosting | huber,38477,9523,112.55344688423212,635.3926557984264,4.921563284274876
JAN-AUG -> SEP-OCT,mae,RandomForest,38477,9523,125.75785870662804,637.7630300033552,5.633946781826555
JAN-AUG -> SEP-OCT,mae,ExtraTrees,38477,9523,118.65881518505235,634.6725998308717,5.088866215867108
JAN-AUG -> SEP-OCT,mae,Ridge,38477,9523,127.99815604103213,634.3587081716803,6.4896314603983845
JAN-AUG -> SEP-OCT,mae,LinearRegression,38477,9523,127.99814451397698,634.3587182516434,6.489631191428459
